0,empty,empty,2024-02-23 09:25:16.701807,151964176.00,151433952.00,152707024.00,153622672.00,150970032.00,153751792.00,152883776.00,152542816.00,151743024.00,152060208.00,154901776.00,153440864.00,152320016.00,151499232.00,152035824.00,152517504.00,
0,empty,empty,2024-02-23 09:25:17.247169,151964736.00,151435968.00,152708112.00,153623536.00,150969808.00,153752080.00,152884656.00,152542816.00,151742448.00,152059920.00,154901504.00,153440864.00,152320016.00,151499232.00,152035392.00,152512944.00,
0,empty,empty,2024-02-23 09:25:17.790732,151964464.00,151436624.00,152706080.00,153622976.00,150969536.00,153752032.00,152883488.00,152542816.00,151743088.00,152060496.00,154902064.00,153440576.00,152319904.00,151499520.00,152035536.00,152517504.00,
0,empty,empty,2024-02-23 09:25:18.336811,151964304.00,151435472.00,152706080.00,153623264.00,150969808.00,153752368.00,152884656.00,152538944.00,151742736.00,152059920.00,154902944.00,153440864.00,152320592.00,151499696.00,152035824.00,152511296.00,
0,empty,empty,2024-02-23 09:25:18.882037,151965024.00,151434816.00,152706080.00,153622672.00,150970112.00,153752080.00,152884656.00,152543392.00,151743088.00,152060640.00,154903248.00,153440576.00,152320880.00,151499696.00,152035968.00,152514976.00,
0,empty,empty,2024-02-23 09:25:19.426942,151964464.00,151434240.00,152705488.00,153622944.00,150970064.00,153752080.00,152883200.00,152542432.00,151743312.00,152059904.00,154901776.00,153440864.00,152320480.00,151499808.00,152035824.00,152517792.00,
0,empty,empty,2024-02-23 09:25:19.971842,151965184.00,151436544.00,152708480.00,153623264.00,150969808.00,153751792.00,152883776.00,152544272.00,151743312.00,152060048.00,154901472.00,153441152.00,152320304.00,151499696.00,152035824.00,152515472.00,
0,empty,empty,2024-02-23 09:25:20.516708,151964464.00,151435392.00,152708192.00,153623264.00,150970096.00,153752368.00,152884944.00,152538064.00,151743600.00,152060496.00,154902656.00,153440576.00,152320592.00,151499696.00,152035824.00,152511296.00,
0,empty,empty,2024-02-23 09:25:21.061254,151964736.00,151436256.00,152708416.00,153622944.00,150970400.00,153751792.00,152883776.00,152541568.00,151744192.00,152060784.00,154902064.00,153440576.00,152320592.00,151500096.00,152035536.00,152518096.00,
0,empty,empty,2024-02-23 09:25:21.606875,151965184.00,151436912.00,152707824.00,153622656.00,150969808.00,153752032.00,152883776.00,152542144.00,151743376.00,152060352.00,154901472.00,153440272.00,152320880.00,151499984.00,152035824.00,152512464.00,
0,empty,empty,2024-02-23 09:25:22.151486,151964592.00,151434112.00,152706368.00,153622064.00,150970112.00,153751744.00,152884368.00,152538656.00,151743312.00,152060352.00,154902064.00,153440576.00,152321184.00,151499984.00,152035824.00,152511008.00,
0,empty,empty,2024-02-23 09:25:22.697064,151965040.00,151436336.00,152705488.00,153622384.00,150970400.00,153752336.00,152883488.00,152541264.00,151744240.00,152060640.00,154901776.00,153440576.00,152321056.00,151499808.00,152035536.00,152518384.00,
0,empty,empty,2024-02-23 09:25:23.242248,151964608.00,151434240.00,152706080.00,153622064.00,150969824.00,153751744.00,152884368.00,152543392.00,151743600.00,152060496.00,154902944.00,153440272.00,152320592.00,151500096.00,152035392.00,152512176.00,
0,empty,empty,2024-02-23 09:25:23.786583,151964880.00,151434608.00,152705792.00,153622944.00,150970352.00,153752032.00,152883776.00,152540688.00,151743376.00,152061504.00,154902064.00,153440864.00,152320592.00,151499696.00,152036112.00,152518384.00,
0,empty,empty,2024-02-23 09:25:24.332494,151965184.00,151436912.00,152707616.00,153622976.00,150970400.00,153752288.00,152883200.00,152543984.00,151743664.00,152060784.00,154901776.00,153440576.00,152321360.00,151499808.00,152035824.00,152515760.00,
0,empty,empty,2024-02-23 09:25:24.877266,151965328.00,151434608.00,152707824.00,153622064.00,150970400.00,153751744.00,152883776.00,152541568.00,151743600.00,152060784.00,154902656.00,153440272.00,152320592.00,151499984.00,152035824.00,152512176.00,
0,empty,empty,2024-02-23 09:25:25.422802,151964880.00,151437120.00,152707248.00,153622352.00,150970352.00,153752080.00,152883200.00,152541936.00,151743024.00,152059616.00,154901184.00,153440288.00,152321184.00,151499808.00,152034960.00,152517792.00,
0,empty,empty,2024-02-23 09:25:25.967284,151965184.00,151435472.00,152705488.00,153622064.00,150970064.00,153752032.00,152884080.00,152541568.00,151743664.00,152060048.00,154902064.00,153440576.00,152320480.00,151499984.00,152035536.00,152511888.00,
0,empty,empty,2024-02-23 09:25:26.511824,151965472.00,151436256.00,152708112.00,153623536.00,150970096.00,153752080.00,152883776.00,152540400.00,151743312.00,152059904.00,154901472.00,153440576.00,152321056.00,151499808.00,152036112.00,152518096.00,
0,empty,empty,2024-02-23 09:25:27.056780,151965312.00,151436912.00,152705792.00,153623264.00,150970112.00,153751744.00,152884080.00,152543984.00,151743600.00,152060352.00,154902064.00,153440864.00,152320592.00,151499984.00,152035824.00,152514208.00,
0,empty,empty,2024-02-23 09:25:27.601373,151964880.00,151435680.00,152707248.00,153622352.00,150970096.00,153752080.00,152884080.00,152541264.00,151743312.00,152060208.00,154902064.00,153440272.00,152321184.00,151499808.00,152036112.00,152511888.00,
0,empty,empty,2024-02-23 09:25:28.146595,151965760.00,151436336.00,152706736.00,153622672.00,150969808.00,153752032.00,152884368.00,152543984.00,151743888.00,152061360.00,154903248.00,153440272.00,152321184.00,151500096.00,152035824.00,152516144.00,
0,empty,empty,2024-02-23 09:25:28.691956,151965184.00,151434608.00,152705792.00,153622352.00,150969536.00,153752032.00,152882912.00,152537776.00,151743376.00,152059472.00,154900880.00,153440288.00,152320592.00,151499984.00,152035536.00,152511488.00,
0,empty,empty,2024-02-23 09:25:29.237318,151965616.00,151435472.00,152706368.00,153622656.00,150970112.00,153752032.00,152883776.00,152539808.00,151743312.00,152060048.00,154902064.00,153440864.00,152320592.00,151499696.00,152035824.00,152517792.00,
0,empty,empty,2024-02-23 09:25:29.781806,151964896.00,151435392.00,152705792.00,153622976.00,150969808.00,153751792.00,152883488.00,152543696.00,151743376.00,152060480.00,154901472.00,153441152.00,152320768.00,151499808.00,152035824.00,152516336.00,
0,empty,empty,2024-02-23 09:25:30.326827,151965616.00,151435104.00,152706960.00,153622656.00,150969824.00,153752080.00,152884656.00,152536320.00,151743312.00,152061072.00,154902352.00,153440864.00,152320592.00,151499520.00,152035536.00,152513920.00,
0,empty,empty,2024-02-23 09:25:30.871340,151965600.00,151436256.00,152706656.00,153622976.00,150969808.00,153751792.00,152883200.00,152543696.00,151743376.00,152059616.00,154900880.00,153440864.00,152321184.00,151499808.00,152035536.00,152516928.00,
0,empty,empty,2024-02-23 09:25:31.417760,151965184.00,151436832.00,152707904.00,153622672.00,150970096.00,153751792.00,152883488.00,152543696.00,151743664.00,152060784.00,154900880.00,153440576.00,152320768.00,151499808.00,152035536.00,152514800.00,
0,empty,empty,2024-02-23 09:25:31.961936,151965328.00,151435392.00,152705792.00,153622672.00,150969824.00,153752032.00,152884368.00,152536320.00,151743376.00,152060352.00,154901776.00,153439984.00,152320768.00,151499808.00,152035248.00,152513344.00,
0,empty,empty,2024-02-23 09:25:32.507551,151965040.00,151434528.00,152705792.00,153622672.00,150970400.00,153751792.00,152883488.00,152543696.00,151743664.00,152060640.00,154901472.00,153440576.00,152320880.00,151499696.00,152035824.00,152516048.00,
0,empty,empty,2024-02-23 09:25:33.051886,151965024.00,151436544.00,152707904.00,153622384.00,150969824.00,153751792.00,152883200.00,152542816.00,151743024.00,152060784.00,154900912.00,153440576.00,152320880.00,151499808.00,152036112.00,152513232.00,
0,empty,empty,2024-02-23 09:25:33.597425,151965760.00,151436544.00,152706656.00,153622672.00,150970064.00,153751792.00,152883488.00,152543696.00,151743664.00,152060208.00,154900592.00,153440864.00,152321056.00,151499808.00,152035824.00,152516336.00,
0,empty,empty,2024-02-23 09:25:34.142472,151965472.00,151434816.00,152706080.00,153622352.00,150969808.00,153752080.00,152884368.00,152537488.00,151743312.00,152059904.00,154902064.00,153440576.00,152320880.00,151499696.00,152035824.00,152511584.00,
0,empty,empty,2024-02-23 09:25:34.687604,151965760.00,151437120.00,152707616.00,153622384.00,150969520.00,153751792.00,152883488.00,152543392.00,151743600.00,152060784.00,154900880.00,153440576.00,152320592.00,151499808.00,152035248.00,152516928.00,
0,empty,empty,2024-02-23 09:25:35.231966,151965328.00,151434816.00,152706448.00,153622384.00,150969824.00,153752080.00,152884080.00,152543392.00,151743312.00,152060496.00,154902352.00,153440272.00,152320304.00,151499808.00,152035536.00,152516144.00,
0,empty,empty,2024-02-23 09:25:35.777058,151965184.00,151436832.00,152707824.00,153622352.00,150969520.00,153751792.00,152883488.00,152537776.00,151743664.00,152059760.00,154901776.00,153440576.00,152320592.00,151499696.00,152035536.00,152516928.00,
0,empty,empty,2024-02-23 09:25:36.322413,151965328.00,151436912.00,152705488.00,153622352.00,150970112.00,153752032.00,152883776.00,152543696.00,151743376.00,152060640.00,154901472.00,153439984.00,152320480.00,151500096.00,152035536.00,152515184.00,
0,empty,empty,2024-02-23 09:25:36.867973,151965600.00,151436544.00,152707824.00,153622352.00,150969824.00,153751744.00,152884368.00,152536032.00,151743600.00,152060192.00,154902064.00,153440576.00,152320592.00,151499696.00,152036112.00,152512176.00,
0,empty,empty,2024-02-23 09:25:37.412576,151965040.00,151434528.00,152706080.00,153622944.00,150969824.00,153751792.00,152883200.00,152538352.00,151743312.00,152059904.00,154901184.00,153440864.00,152321184.00,151500096.00,152036112.00,152517216.00,
0,empty,empty,2024-02-23 09:25:37.957623,151965760.00,151436624.00,152706960.00,153622944.00,150969824.00,153752032.00,152882912.00,152541856.00,151743600.00,152060496.00,154900880.00,153440272.00,152320592.00,151499808.00,152035824.00,152518096.00,
1,empty,empty,2024-02-23 09:25:42.317781,151965328.00,151435392.00,152705856.00,153622672.00,150970352.00,153751792.00,152883488.00,152543696.00,151744192.00,152060784.00,154900880.00,153440576.00,152320768.00,151499520.00,152034960.00,152516336.00,
1,empty,empty,2024-02-23 09:25:42.863584,151965472.00,151436544.00,152707904.00,153622096.00,150970352.00,153751792.00,152883488.00,152536032.00,151743376.00,152059616.00,154902064.00,153439984.00,152321184.00,151499808.00,152035536.00,152513040.00,
1,empty,empty,2024-02-23 09:25:43.408091,151965024.00,151435104.00,152705792.00,153622384.00,150969824.00,153751744.00,152882912.00,152543392.00,151743088.00,152059472.00,154900288.00,153440864.00,152320592.00,151499808.00,152036112.00,152517504.00,
1,empty,empty,2024-02-23 09:25:43.952577,151965184.00,151436544.00,152707024.00,153622672.00,150969808.00,153751488.00,152883776.00,152541568.00,151743312.00,152059616.00,154901776.00,153440576.00,152320592.00,151499808.00,152035536.00,152512752.00,
1,empty,empty,2024-02-23 09:25:44.499006,151965472.00,151436336.00,152706080.00,153622096.00,150969232.00,153751744.00,152883776.00,152536032.00,151743312.00,152060784.00,154901776.00,153439984.00,152320880.00,151499808.00,152036112.00,152512752.00,
1,empty,empty,2024-02-23 09:25:45.043611,151965760.00,151434896.00,152706448.00,153622672.00,150969536.00,153751744.00,152883776.00,152543392.00,151742800.00,152060784.00,154902064.00,153440576.00,152320592.00,151499808.00,152034960.00,152514496.00,
1,empty,empty,2024-02-23 09:25:45.589581,151965184.00,151435392.00,152707024.00,153622384.00,150969808.00,153751792.00,152884080.00,152536320.00,151742800.00,152059760.00,154901776.00,153439984.00,152320592.00,151499808.00,152035536.00,152512752.00,
1,empty,empty,2024-02-23 09:25:46.133475,151965328.00,151435680.00,152707536.00,153622352.00,150968960.00,153751456.00,152882912.00,152539520.00,151743600.00,152059616.00,154900592.00,153440272.00,152320880.00,151499232.00,152035536.00,152517792.00,
1,empty,empty,2024-02-23 09:25:46.678067,151965312.00,151436256.00,152706080.00,153622064.00,150968960.00,153751792.00,152883776.00,152540976.00,151743376.00,152059760.00,154901472.00,153440272.00,152321184.00,151499984.00,152035536.00,152511584.00,
1,empty,empty,2024-02-23 09:25:47.223702,151965888.00,151436544.00,152707024.00,153621792.00,150969520.00,153751792.00,152883488.00,152536896.00,151744240.00,152060048.00,154901184.00,153439984.00,152320304.00,151499408.00,152035536.00,152516336.00,
1,empty,empty,2024-02-23 09:25:47.769205,151965600.00,151435760.00,152706080.00,153622064.00,150970112.00,153751744.00,152882912.00,152542432.00,151743600.00,152059040.00,154900288.00,153440272.00,152320880.00,151499520.00,152035824.00,152517792.00,
1,empty,empty,2024-02-23 09:25:48.313788,151965184.00,151436256.00,152706080.00,153621776.00,150969520.00,153751488.00,152883488.00,152541264.00,151742736.00,152060192.00,154902352.00,153439984.00,152320016.00,151499408.00,152035536.00,152511584.00,
1,empty,empty,2024-02-23 09:25:48.858359,151965616.00,151434816.00,152706080.00,153622656.00,150970400.00,153751792.00,152883200.00,152540976.00,151744240.00,152059904.00,154900592.00,153440272.00,152321056.00,151499808.00,152035824.00,152518096.00,
1,empty,empty,2024-02-23 09:25:49.403223,151965760.00,151436336.00,152707312.00,153622384.00,150969824.00,153751744.00,152883776.00,152543104.00,151743952.00,152060048.00,154901472.00,153440272.00,152320880.00,151499408.00,152035536.00,152513344.00,
1,empty,empty,2024-02-23 09:25:49.948676,151965472.00,151436256.00,152707536.00,153622096.00,150968944.00,153751792.00,152883488.00,152537776.00,151742736.00,152060048.00,154902064.00,153439696.00,152320592.00,151499696.00,152035248.00,152511008.00,
1,empty,empty,2024-02-23 09:25:50.493619,151965040.00,151435104.00,152706080.00,153622656.00,150969536.00,153751744.00,152882912.00,152538352.00,151742512.00,152059616.00,154900288.00,153440272.00,152320304.00,151499888.00,152035824.00,152517216.00,
1,empty,empty,2024-02-23 09:25:51.038307,151965472.00,151436544.00,152706656.00,153622064.00,150970096.00,153751488.00,152883200.00,152543024.00,151743376.00,152060048.00,154901472.00,153439984.00,152320480.00,151499696.00,152035536.00,152517504.00,
1,empty,empty,2024-02-23 09:25:51.583680,151965472.00,151435760.00,152706368.00,153622064.00,150968960.00,153751456.00,152883776.00,152538944.00,151743888.00,152060192.00,154902352.00,153440272.00,152321184.00,151499520.00,152035536.00,152511008.00,
1,empty,empty,2024-02-23 09:25:52.129249,151965472.00,151436544.00,152706656.00,153622384.00,150969232.00,153751792.00,152883200.00,152541856.00,151743600.00,152059760.00,154900592.00,153440576.00,152320592.00,151499408.00,152036112.00,152517792.00,
1,empty,empty,2024-02-23 09:25:52.673545,151965616.00,151435104.00,152705856.00,153621792.00,150969824.00,153751744.00,152883488.00,152535744.00,151744192.00,152060784.00,154901776.00,153439984.00,152320592.00,151499408.00,152035536.00,152514208.00,
1,empty,empty,2024-02-23 09:25:53.218442,151965312.00,151436256.00,152706960.00,153622352.00,150969824.00,153751792.00,152882912.00,152540688.00,151742736.00,152060208.00,154900592.00,153440576.00,152320880.00,151500176.00,152035824.00,152517792.00,
1,empty,empty,2024-02-23 09:25:53.763478,151965040.00,151435392.00,152705792.00,153621776.00,150968672.00,153751792.00,152883488.00,152542432.00,151743312.00,152060208.00,154901776.00,153440272.00,152321184.00,151499808.00,152035536.00,152512752.00,
1,empty,empty,2024-02-23 09:25:54.308958,151965760.00,151436544.00,152706960.00,153622064.00,150968944.00,153751488.00,152883488.00,152542432.00,151742736.00,152059760.00,154902064.00,153440272.00,152320592.00,151499696.00,152035536.00,152512752.00,
1,empty,empty,2024-02-23 09:25:54.854213,151965760.00,151436544.00,152706736.00,153621792.00,150970352.00,153751488.00,152883200.00,152537200.00,151744192.00,152059616.00,154900880.00,153439984.00,152321184.00,151499984.00,152035536.00,152516048.00,
1,empty,empty,2024-02-23 09:25:55.398719,151965616.00,151435392.00,152706080.00,153622384.00,150968960.00,153751456.00,152883200.00,152543024.00,151743376.00,152059904.00,154900880.00,153440576.00,152320304.00,151499232.00,152035248.00,152517504.00,
1,empty,empty,2024-02-23 09:25:55.943751,151965472.00,151435968.00,152706960.00,153622352.00,150969232.00,153751488.00,152883488.00,152537200.00,151743600.00,152060208.00,154901776.00,153440576.00,152320880.00,151499808.00,152036112.00,152511296.00,
1,empty,empty,2024-02-23 09:25:56.489239,151965760.00,151436256.00,152706960.00,153622352.00,150970352.00,153751488.00,152883776.00,152541264.00,151743600.00,152060048.00,154900592.00,153440272.00,152320880.00,151499984.00,152035536.00,152517792.00,
1,empty,empty,2024-02-23 09:25:57.033864,151965488.00,151436256.00,152706656.00,153622064.00,150970064.00,153751792.00,152883200.00,152543696.00,151742800.00,152059184.00,154901472.00,153439984.00,152320304.00,151499808.00,152035248.00,152514208.00,
1,empty,empty,2024-02-23 09:25:57.578784,151965312.00,151435968.00,152706656.00,153621792.00,150968384.00,153751456.00,152883200.00,152536032.00,151743024.00,152059616.00,154901184.00,153439696.00,152320592.00,151499232.00,152035536.00,152513632.00,
1,empty,empty,2024-02-23 09:25:58.124165,151966048.00,151436336.00,152706656.00,153622064.00,150969808.00,153751456.00,152882912.00,152542144.00,151744544.00,152059328.00,154900880.00,153439984.00,152320480.00,151499520.00,152034960.00,152517504.00,
1,empty,empty,2024-02-23 09:25:58.669171,151965184.00,151435968.00,152706656.00,153622064.00,150968656.00,153751488.00,152883200.00,152541568.00,151742512.00,152059616.00,154901472.00,153439984.00,152320880.00,151499520.00,152035536.00,152511584.00,
1,empty,empty,2024-02-23 09:25:59.213980,151965184.00,151435968.00,152706368.00,153621792.00,150969232.00,153751488.00,152882912.00,152536896.00,151742448.00,152059760.00,154900880.00,153439984.00,152320592.00,151499408.00,152035536.00,152516048.00,
1,empty,empty,2024-02-23 09:25:59.760758,151965184.00,151435760.00,152706960.00,153622064.00,150968368.00,153751488.00,152883200.00,152543024.00,151742736.00,152059920.00,154900592.00,153439696.00,152320880.00,151499696.00,152035824.00,152517504.00,
1,empty,empty,2024-02-23 09:26:00.304579,151965312.00,151436256.00,152707024.00,153622672.00,150968384.00,153751488.00,152883200.00,152543104.00,151742512.00,152059760.00,154901776.00,153440272.00,152320880.00,151499984.00,152035248.00,152513920.00,
1,empty,empty,2024-02-23 09:26:00.849149,151965312.00,151435968.00,152706080.00,153621504.00,150968944.00,153751488.00,152882912.00,152536896.00,151743664.00,152059760.00,154901184.00,153439984.00,152320880.00,151499408.00,152035824.00,152515472.00,
1,empty,empty,2024-02-23 09:26:01.393937,151965472.00,151435392.00,152706448.00,153622672.00,150967792.00,153751488.00,152883200.00,152543104.00,151742448.00,152059328.00,154900880.00,153440576.00,152320592.00,151499808.00,152034960.00,152516928.00,
1,empty,empty,2024-02-23 09:26:01.939068,151965328.00,151435680.00,152706960.00,153622352.00,150968384.00,153751456.00,152883488.00,152538944.00,151743024.00,152059904.00,154901472.00,153440272.00,152320880.00,151499408.00,152035824.00,152510720.00,
1,empty,empty,2024-02-23 09:26:02.485018,151965600.00,151435968.00,152706080.00,153622656.00,150970688.00,153751488.00,152883200.00,152537776.00,151744480.00,152059328.00,154900880.00,153440576.00,152320880.00,151499520.00,152035248.00,152516928.00,
1,empty,empty,2024-02-23 09:26:03.029801,151965312.00,151435968.00,152707312.00,153622672.00,150969232.00,153751488.00,152883200.00,152543984.00,151741872.00,152060208.00,154901472.00,153440272.00,152320304.00,151499808.00,152035248.00,152515472.00,
1,empty,empty,2024-02-23 09:26:03.574556,151965024.00,151435760.00,152707024.00,153622096.00,150968960.00,153751456.00,152882912.00,152536320.00,151741936.00,152059328.00,154900880.00,153439984.00,152320880.00,151499232.00,152035536.00,152515472.00,
2,empty,empty,2024-02-23 09:26:05.754843,151966048.00,151435760.00,152707024.00,153622384.00,150968096.00,153751152.00,152883200.00,152543392.00,151742224.00,152059920.00,154901472.00,153439984.00,152320592.00,151499520.00,152035824.00,152514800.00,
2,empty,empty,2024-02-23 09:26:06.299621,151965760.00,151435968.00,152706080.00,153622064.00,150970928.00,153751200.00,152882912.00,152542432.00,151744544.00,152059472.00,154901776.00,153440272.00,152320768.00,151499808.00,152035824.00,152512752.00,
2,empty,empty,2024-02-23 09:26:06.845048,151965488.00,151435968.00,152706656.00,153622352.00,150969232.00,153751200.00,152883200.00,152541264.00,151742224.00,152060048.00,154900880.00,153439984.00,152320304.00,151499408.00,152035248.00,152517792.00,
2,empty,empty,2024-02-23 09:26:07.390160,151965312.00,151435968.00,152706656.00,153622096.00,150968096.00,153751200.00,152883200.00,152535744.00,151741936.00,152059616.00,154901184.00,153439696.00,152320480.00,151499520.00,152035824.00,152511888.00,
2,empty,empty,2024-02-23 09:26:07.934757,151965760.00,151436048.00,152707024.00,153621792.00,150970112.00,153751456.00,152883200.00,152535440.00,151743952.00,152058464.00,154900592.00,153439984.00,152320192.00,151499232.00,152035824.00,152513344.00,
2,empty,empty,2024-02-23 09:26:08.479773,151965472.00,151435392.00,152706080.00,153622352.00,150967504.00,153751200.00,152883200.00,152539808.00,151742512.00,152059040.00,154901472.00,153439984.00,152320880.00,151499312.00,152035824.00,152518096.00,
2,empty,empty,2024-02-23 09:26:09.025686,151965776.00,151435680.00,152706656.00,153622064.00,150970640.00,153751792.00,152883200.00,152543104.00,151744240.00,152059760.00,154900880.00,153439696.00,152321360.00,151499232.00,152035248.00,152516928.00,
2,empty,empty,2024-02-23 09:26:09.569927,151965472.00,151435760.00,152706656.00,153622656.00,150970928.00,153751456.00,152882912.00,152538064.00,151743376.00,152058464.00,154900288.00,153440272.00,152320480.00,151499808.00,152035824.00,152516928.00,
2,empty,empty,2024-02-23 09:26:10.114495,151965760.00,151435472.00,152706080.00,153621776.00,150968672.00,153751152.00,152882912.00,152541856.00,151744768.00,152060208.00,154902064.00,153440272.00,152321184.00,151499808.00,152035536.00,152512464.00,
2,empty,empty,2024-02-23 09:26:10.659813,151965760.00,151436256.00,152706656.00,153621792.00,150970384.00,153751200.00,152883200.00,152536032.00,151744832.00,152059328.00,154900880.00,153440272.00,152320192.00,151499520.00,152035536.00,152515472.00,
2,empty,empty,2024-02-23 09:26:11.204521,151965616.00,151435680.00,152705792.00,153622672.00,150970976.00,153751456.00,152882912.00,152543392.00,151743888.00,152059920.00,154901776.00,153440272.00,152320304.00,151499024.00,152034960.00,152516336.00,
2,empty,empty,2024-02-23 09:26:11.750574,151965184.00,151436336.00,152706080.00,153621792.00,150969520.00,153751152.00,152882912.00,152535152.00,151742224.00,152058752.00,154900880.00,153439984.00,152320592.00,151499520.00,152035824.00,152513040.00,
2,empty,empty,2024-02-23 09:26:12.295120,151965472.00,151435472.00,152706368.00,153622352.00,150969824.00,153751744.00,152883200.00,152538656.00,151743600.00,152059040.00,154900592.00,153439984.00,152321184.00,151499312.00,152035824.00,152517216.00,
2,empty,empty,2024-02-23 09:26:12.840123,151965760.00,151435968.00,152706656.00,153622384.00,150970928.00,153751488.00,152883200.00,152543392.00,151744480.00,152058896.00,154901184.00,153440272.00,152320592.00,151499408.00,152035824.00,152516640.00,
2,empty,empty,2024-02-23 09:26:13.385034,151965600.00,151435968.00,152706656.00,153622656.00,150970400.00,153751152.00,152883200.00,152536032.00,151744192.00,152060192.00,154901184.00,153440272.00,152320592.00,151499696.00,152035536.00,152514800.00,
2,empty,empty,2024-02-23 09:26:13.929791,151965472.00,151436048.00,152706368.00,153622064.00,150967792.00,153751456.00,152883200.00,152541264.00,151742736.00,152059920.00,154900592.00,153439984.00,152320880.00,151499808.00,152035536.00,152517792.00,
2,empty,empty,2024-02-23 09:26:14.474820,151965472.00,151435760.00,152706656.00,153621776.00,150968096.00,153751152.00,152882912.00,152541568.00,151742512.00,152059184.00,154900880.00,153440272.00,152320592.00,151499120.00,152035536.00,152511888.00,
2,empty,empty,2024-02-23 09:26:15.020777,151965760.00,151436256.00,152706448.00,153621792.00,150970928.00,153751200.00,152882912.00,152535152.00,151744240.00,152059040.00,154900880.00,153439696.00,152320480.00,151499808.00,152035248.00,152513344.00,
2,empty,empty,2024-02-23 09:26:15.564783,151965760.00,151435472.00,152706656.00,153622384.00,150970640.00,153751488.00,152882912.00,152541856.00,151743664.00,152059472.00,154900880.00,153439696.00,152320768.00,151499808.00,152034960.00,152517792.00,
2,empty,empty,2024-02-23 09:26:16.109972,151965184.00,151435760.00,152706080.00,153622672.00,150968656.00,153750864.00,152882912.00,152543104.00,151743888.00,152059920.00,154900880.00,153440272.00,152320592.00,151499520.00,152035536.00,152516048.00,
2,empty,empty,2024-02-23 09:26:16.654900,151965760.00,151435968.00,152706368.00,153622064.00,150970928.00,153751200.00,152882608.00,152541856.00,151744768.00,152059616.00,154901184.00,153440272.00,152320768.00,151499520.00,152035536.00,152511888.00,
2,empty,empty,2024-02-23 09:26:17.200598,151965488.00,151435392.00,152706144.00,153621792.00,150970352.00,153750912.00,152882912.00,152535744.00,151743088.00,152059616.00,154900880.00,153439984.00,152320592.00,151499520.00,152035248.00,152514496.00,
2,empty,empty,2024-02-23 09:26:17.744937,151965328.00,151435760.00,152706144.00,153622096.00,150968384.00,153751456.00,152883200.00,152537200.00,151743600.00,152059616.00,154901184.00,153439984.00,152320304.00,151499408.00,152035536.00,152516048.00,
2,empty,empty,2024-02-23 09:26:18.290397,151965312.00,151435680.00,152706368.00,153621776.00,150970688.00,153751152.00,152883200.00,152540112.00,151743600.00,152059040.00,154900880.00,153439696.00,152320880.00,151499520.00,152035248.00,152517504.00,
2,empty,empty,2024-02-23 09:26:18.835212,151965024.00,151435392.00,152706080.00,153621776.00,150968384.00,153751200.00,152882912.00,152542144.00,151741056.00,152059328.00,154900880.00,153439696.00,152320880.00,151498944.00,152035536.00,152517216.00,
2,empty,empty,2024-02-23 09:26:19.380072,151966048.00,151435968.00,152706368.00,153622352.00,150971216.00,153751488.00,152882608.00,152540688.00,151744240.00,152058752.00,154900880.00,153439984.00,152320480.00,151499232.00,152035248.00,152511008.00,
2,empty,empty,2024-02-23 09:26:19.925201,151965184.00,151435968.00,152706368.00,153622064.00,150968368.00,153751200.00,152882608.00,152541568.00,151743888.00,152059760.00,154901184.00,153439696.00,152320016.00,151499120.00,152035248.00,152517792.00,
2,empty,empty,2024-02-23 09:26:20.470260,151966048.00,151436256.00,152706368.00,153622352.00,150970928.00,153751200.00,152882320.00,152541264.00,151745120.00,152059040.00,154901184.00,153440272.00,152320480.00,151499520.00,152035824.00,152511584.00,
2,empty,empty,2024-02-23 09:26:21.015169,151965760.00,151435680.00,152706368.00,153621504.00,150968368.00,153751200.00,152882912.00,152535744.00,151743952.00,152059616.00,154900880.00,153439984.00,152321056.00,151499232.00,152034960.00,152513040.00,
2,empty,empty,2024-02-23 09:26:21.560202,151965184.00,151436048.00,152706144.00,153622096.00,150970688.00,153751456.00,152882608.00,152543024.00,151742448.00,152059616.00,154901184.00,153439984.00,152321056.00,151499232.00,152035248.00,152516928.00,
2,empty,empty,2024-02-23 09:26:22.105481,151965200.00,151435680.00,152706080.00,153622384.00,150967792.00,153751200.00,152882320.00,152543392.00,151743088.00,152058752.00,154900880.00,153439984.00,152320192.00,151499520.00,152035536.00,152515184.00,
2,empty,empty,2024-02-23 09:26:22.650245,151965760.00,151435760.00,152706448.00,153622096.00,150971216.00,153751200.00,152883200.00,152538064.00,151743664.00,152059040.00,154900880.00,153439984.00,152320592.00,151498944.00,152035536.00,152516640.00,
2,empty,empty,2024-02-23 09:26:23.195633,151965472.00,151435968.00,152706368.00,153622064.00,150967504.00,153751200.00,152882320.00,152542816.00,151743600.00,152059328.00,154901184.00,153439984.00,152320592.00,151498944.00,152035248.00,152514208.00,
2,empty,empty,2024-02-23 09:26:23.740298,151965472.00,151435472.00,152706080.00,153622064.00,150967232.00,153751152.00,152882912.00,152540976.00,151744832.00,152058752.00,154901184.00,153439696.00,152321184.00,151499232.00,152034960.00,152517792.00,
2,empty,empty,2024-02-23 09:26:24.286305,151965024.00,151435472.00,152706144.00,153622384.00,150967808.00,153750864.00,152882608.00,152543024.00,151741584.00,152059040.00,154900592.00,153439984.00,152320304.00,151499232.00,152035248.00,152516048.00,
2,empty,empty,2024-02-23 09:26:24.830519,151965472.00,151435680.00,152706656.00,153622096.00,150970928.00,153750912.00,152882320.00,152541568.00,151744480.00,152059920.00,154901184.00,153439696.00,152320880.00,151499408.00,152035536.00,152512176.00,
2,empty,empty,2024-02-23 09:26:25.375350,151964592.00,151435392.00,152706304.00,153622064.00,150968080.00,153750912.00,152882912.00,152541856.00,151741344.00,152059040.00,154900880.00,153439984.00,152320592.00,151498944.00,152035824.00,152512176.00,
2,empty,empty,2024-02-23 09:26:25.921066,151965328.00,151435680.00,152705792.00,153621792.00,150968960.00,153751200.00,152882912.00,152535744.00,151741344.00,152059184.00,154901472.00,153439696.00,152320304.00,151499408.00,152035536.00,152512176.00,
2,empty,empty,2024-02-23 09:26:26.465588,151965184.00,151436048.00,152706368.00,153621776.00,150970976.00,153751152.00,152882912.00,152542432.00,151744544.00,152059616.00,154900880.00,153439696.00,152321056.00,151499232.00,152034960.00,152517216.00,
2,empty,empty,2024-02-23 09:26:27.011206,151965040.00,151435760.00,152706080.00,153621792.00,150969248.00,153751456.00,152882608.00,152535744.00,151741344.00,152058176.00,154900592.00,153439696.00,152320880.00,151499232.00,152035536.00,152512752.00,
3,empty,empty,2024-02-23 09:26:33.006352,151965024.00,151435968.00,152706080.00,153621472.00,150968368.00,153751200.00,152882032.00,152542432.00,151740768.00,152058752.00,154901184.00,153439984.00,152320768.00,151499520.00,152035248.00,152514208.00,
3,empty,empty,2024-02-23 09:26:33.551572,151965472.00,151435968.00,152706656.00,153621504.00,150968944.00,153751200.00,152882912.00,152536608.00,151741296.00,152058752.00,154900288.00,153439696.00,152320592.00,151499024.00,152035248.00,152511008.00,
3,empty,empty,2024-02-23 09:26:34.096386,151965184.00,151436336.00,152706368.00,153622352.00,150967216.00,153750912.00,152883200.00,152538352.00,151743088.00,152059040.00,154901184.00,153439696.00,152320768.00,151498944.00,152035536.00,152517216.00,
3,empty,empty,2024-02-23 09:26:34.641728,151966048.00,151434896.00,152706080.00,153621472.00,150970640.00,153750576.00,152882608.00,152542432.00,151743952.00,152059040.00,154900592.00,153439696.00,152320016.00,151498656.00,152034960.00,152517216.00,
3,empty,empty,2024-02-23 09:26:35.186534,151965904.00,151434816.00,152706080.00,153621776.00,150968368.00,153750912.00,152882608.00,152542144.00,151743952.00,152058464.00,154900592.00,153439984.00,152321184.00,151499232.00,152035824.00,152512464.00,
3,empty,empty,2024-02-23 09:26:35.731243,151965760.00,151436256.00,152706736.00,153621792.00,150970352.00,153751200.00,152882912.00,152535440.00,151745120.00,152059040.00,154901184.00,153439984.00,152320768.00,151498944.00,152035824.00,152513040.00,
3,empty,empty,2024-02-23 09:26:36.276405,151965904.00,151435680.00,152706736.00,153622096.00,150970976.00,153750576.00,152883488.00,152536896.00,151744240.00,152058464.00,154900880.00,153439984.00,152320480.00,151499232.00,152035824.00,152516048.00,
3,empty,empty,2024-02-23 09:26:36.821444,151965040.00,151434528.00,152706080.00,153622096.00,150967808.00,153750912.00,152882320.00,152543312.00,151740768.00,152058752.00,154900288.00,153439696.00,152320304.00,151499232.00,152035248.00,152514496.00,
3,empty,empty,2024-02-23 09:26:37.367313,151964752.00,151435968.00,152707024.00,153621792.00,150967232.00,153750912.00,152882912.00,152535440.00,151740416.00,152059184.00,154901184.00,153439984.00,152320304.00,151499024.00,152035536.00,152513344.00,
3,empty,empty,2024-02-23 09:26:37.911518,151965328.00,151435392.00,152706368.00,153622064.00,150970928.00,153750912.00,152883200.00,152537200.00,151744832.00,152059040.00,154901184.00,153439696.00,152320480.00,151498944.00,152035536.00,152516336.00,
3,empty,empty,2024-02-23 09:26:38.456889,151965488.00,151435968.00,152706080.00,153621776.00,150967792.00,153750608.00,152882032.00,152543312.00,151741344.00,152058896.00,154900592.00,153439984.00,152320592.00,151498944.00,152035536.00,152514800.00,
3,empty,empty,2024-02-23 09:26:39.001312,151965328.00,151434528.00,152706080.00,153622352.00,150970112.00,153750864.00,152883200.00,152537488.00,151742224.00,152058752.00,154901184.00,153439984.00,152320880.00,151499232.00,152035248.00,152510720.00,
3,empty,empty,2024-02-23 09:26:39.546713,151965760.00,151436048.00,152706592.00,153622064.00,150970640.00,153750576.00,152883200.00,152539520.00,151745408.00,152058752.00,154900880.00,153439696.00,152320768.00,151498944.00,152035248.00,152517504.00,
3,empty,empty,2024-02-23 09:26:40.091469,151965472.00,151435760.00,152706368.00,153621472.00,150970400.00,153750576.00,152882320.00,152543312.00,151741936.00,152058752.00,154900288.00,153439696.00,152320480.00,151499232.00,152034960.00,152516640.00,
3,empty,empty,2024-02-23 09:26:40.636878,151965616.00,151435472.00,152705792.00,153621504.00,150967232.00,153751152.00,152882912.00,152536608.00,151740768.00,152059040.00,154900880.00,153439392.00,152320592.00,151499232.00,152035824.00,152511008.00,
3,empty,empty,2024-02-23 09:26:41.182346,151965472.00,151435184.00,152705488.00,153622064.00,150968944.00,153750912.00,152882912.00,152538656.00,151741056.00,152058176.00,154900288.00,153439392.00,152321184.00,151499232.00,152035536.00,152517216.00,
3,empty,empty,2024-02-23 09:26:41.726843,151965328.00,151434816.00,152706080.00,153621472.00,150967520.00,153750912.00,152882320.00,152542144.00,151743024.00,152058752.00,154900000.00,153439696.00,152320304.00,151499024.00,152035248.00,152517216.00,
3,empty,empty,2024-02-23 09:26:42.272194,151965760.00,151434896.00,152705792.00,153622352.00,150970688.00,153750864.00,152882320.00,152538064.00,151744832.00,152058896.00,154900592.00,153439984.00,152321184.00,151499408.00,152034960.00,152510720.00,
3,empty,empty,2024-02-23 09:26:42.816564,151965616.00,151435760.00,152705792.00,153621792.00,150970688.00,153751152.00,152883200.00,152535744.00,151743952.00,152058464.00,154901472.00,153439696.00,152321056.00,151499232.00,152035536.00,152513920.00,
3,empty,empty,2024-02-23 09:26:43.362102,151964880.00,151434896.00,152705792.00,153622096.00,150966912.00,153750912.00,152882032.00,152542144.00,151742224.00,152059040.00,154900288.00,153439392.00,152320880.00,151498944.00,152035536.00,152513344.00,
3,empty,empty,2024-02-23 09:26:43.906515,151966048.00,151435472.00,152706080.00,153621504.00,150970640.00,153750576.00,152883200.00,152535152.00,151745120.00,152058752.00,154901184.00,153439984.00,152320768.00,151498944.00,152035536.00,152513040.00,
3,empty,empty,2024-02-23 09:26:44.452297,151965472.00,151436336.00,152705792.00,153621472.00,150970688.00,153750576.00,152881744.00,152543024.00,151743088.00,152058320.00,154900000.00,153439392.00,152320192.00,151499520.00,152035248.00,152516640.00,
3,empty,empty,2024-02-23 09:26:44.997198,151964752.00,151434608.00,152706368.00,153621792.00,150968672.00,153750576.00,152882032.00,152542816.00,151741344.00,152058464.00,154900288.00,153439392.00,152320880.00,151499232.00,152034960.00,152514208.00,
3,empty,empty,2024-02-23 09:26:45.541929,151965488.00,151435968.00,152705488.00,153621792.00,150970352.00,153750608.00,152882912.00,152537488.00,151743024.00,152059328.00,154901184.00,153439984.00,152320592.00,151499408.00,152035536.00,152516928.00,
3,empty,empty,2024-02-23 09:26:46.087156,151965184.00,151435472.00,152705200.00,153621776.00,150968656.00,153750864.00,152882320.00,152542432.00,151741344.00,152057584.00,154900000.00,153439392.00,152320880.00,151499520.00,152035536.00,152517216.00,
3,empty,empty,2024-02-23 09:26:46.632597,151965328.00,151435392.00,152705792.00,153621776.00,150967216.00,153750608.00,152882320.00,152541264.00,151741056.00,152058752.00,154900592.00,153440272.00,152320016.00,151498944.00,152035536.00,152511584.00,
3,empty,empty,2024-02-23 09:26:47.176745,151965904.00,151436624.00,152706656.00,153621472.00,150970112.00,153751152.00,152882320.00,152540400.00,151743088.00,152059616.00,154900592.00,153439392.00,152320016.00,151499024.00,152034960.00,152517504.00,
3,empty,empty,2024-02-23 09:26:47.721682,151964880.00,151435760.00,152706368.00,153621792.00,150966912.00,153750912.00,152883200.00,152535744.00,151742224.00,152058752.00,154900592.00,153439696.00,152320592.00,151498944.00,152035248.00,152514208.00,
3,empty,empty,2024-02-23 09:26:48.267297,151965184.00,151436336.00,152706368.00,153621776.00,150969520.00,153750864.00,152882608.00,152540976.00,151741648.00,152058016.00,154900000.00,153439392.00,152320304.00,151499120.00,152035248.00,152518096.00,
3,empty,empty,2024-02-23 09:26:48.811781,151965760.00,151436832.00,152706656.00,153621776.00,150969808.00,153750608.00,152882608.00,152540688.00,151742160.00,152059616.00,154900880.00,153439696.00,152320592.00,151499024.00,152035536.00,152517504.00,
3,empty,empty,2024-02-23 09:26:49.357953,151965472.00,151435472.00,152705792.00,153621792.00,150970400.00,153750864.00,152882032.00,152543104.00,151745120.00,152058176.00,154900000.00,153439392.00,152321056.00,151498944.00,152034672.00,152515472.00,
3,empty,empty,2024-02-23 09:26:49.901928,151965600.00,151434896.00,152706656.00,153622064.00,150969536.00,153750576.00,152882608.00,152540112.00,151742224.00,152058752.00,154901184.00,153439984.00,152320304.00,151499312.00,152034960.00,152511008.00,
3,empty,empty,2024-02-23 09:26:50.447893,151965472.00,151435104.00,152705200.00,153621792.00,150970096.00,153750320.00,152882912.00,152535152.00,151744832.00,152058464.00,154900288.00,153439984.00,152320192.00,151499232.00,152034960.00,152513632.00,
3,empty,empty,2024-02-23 09:26:50.992339,151965328.00,151436256.00,152706960.00,153621472.00,150968672.00,153750608.00,152882032.00,152540688.00,151741344.00,152057584.00,154899408.00,153439104.00,152321184.00,151498944.00,152035248.00,152517504.00,
3,empty,empty,2024-02-23 09:26:51.538009,151965616.00,151434816.00,152705792.00,153622064.00,150969808.00,153750320.00,152882320.00,152540688.00,151745056.00,152057728.00,154900000.00,153439984.00,152320304.00,151499408.00,152035248.00,152511296.00,
3,empty,empty,2024-02-23 09:26:52.082326,151965184.00,151436256.00,152706448.00,153621504.00,150968656.00,153750608.00,152883200.00,152535440.00,151741936.00,152058464.00,154900288.00,153439984.00,152320880.00,151499232.00,152035824.00,152513920.00,
3,empty,empty,2024-02-23 09:26:52.627883,151965040.00,151435104.00,152705488.00,153621472.00,150968096.00,153750864.00,152881744.00,152541856.00,151741056.00,152058752.00,154900000.00,153439392.00,152320016.00,151499232.00,152034960.00,152517216.00,
3,empty,empty,2024-02-23 09:26:53.172705,151965760.00,151436048.00,152706304.00,153621472.00,150970096.00,153750272.00,152881744.00,152542720.00,151744832.00,152058176.00,154899104.00,153439696.00,152320192.00,151498736.00,152035248.00,152514208.00,
3,empty,empty,2024-02-23 09:26:53.717170,151965184.00,151436336.00,152706368.00,153622096.00,150970112.00,153750576.00,152883200.00,152535744.00,151740704.00,152058464.00,154900880.00,153439984.00,152320016.00,151499024.00,152034960.00,152514800.00,
3,empty,empty,2024-02-23 09:26:54.262243,151964880.00,151434816.00,152707168.00,153621776.00,150967216.00,153750608.00,152883488.00,152537776.00,151740480.00,152057888.00,154900000.00,153439392.00,152320880.00,151498656.00,152035248.00,152516336.00,
4,empty,empty,2024-02-23 09:26:55.896728,151965328.00,151434240.00,152705200.00,153621792.00,150966336.00,153750608.00,152882912.00,152535440.00,151743088.00,152058464.00,154900592.00,153439696.00,152320880.00,151498944.00,152035248.00,152511008.00,
4,empty,empty,2024-02-23 09:26:56.442383,151964752.00,151435104.00,152705200.00,153621472.00,150966368.00,153750528.00,152881440.00,152541856.00,151740480.00,152058464.00,154899408.00,153439392.00,152320016.00,151498944.00,152035248.00,152516928.00,
4,empty,empty,2024-02-23 09:26:56.987878,151965328.00,151435392.00,152706448.00,153622096.00,150969536.00,153750576.00,152882608.00,152536896.00,151744544.00,152058464.00,154900000.00,153439984.00,152320192.00,151498944.00,152034960.00,152516048.00,
4,empty,empty,2024-02-23 09:26:57.532664,151964880.00,151436336.00,152706592.00,153621472.00,150966912.00,153750576.00,152882320.00,152541648.00,151740768.00,152058464.00,154900000.00,153439104.00,152320304.00,151499232.00,152034672.00,152516928.00,
4,empty,empty,2024-02-23 09:26:58.077604,151965184.00,151436336.00,152706656.00,153622064.00,150970096.00,153750272.00,152882912.00,152540688.00,151744832.00,152058464.00,154900592.00,153440272.00,152320192.00,151498944.00,152034672.00,152511008.00,
4,empty,empty,2024-02-23 09:26:58.623692,151964592.00,151435472.00,152705200.00,153621472.00,150970112.00,153750272.00,152882608.00,152536896.00,151743088.00,152058176.00,154900288.00,153439392.00,152320304.00,151498944.00,152035248.00,152516640.00,
4,empty,empty,2024-02-23 09:26:59.168599,151964736.00,151435760.00,152706080.00,153622352.00,150966944.00,153750576.00,152882608.00,152541568.00,151742512.00,152058464.00,154900880.00,153439984.00,152320016.00,151499024.00,152035248.00,152511584.00,
4,empty,empty,2024-02-23 09:26:59.713254,151964880.00,151434400.00,152705792.00,153622064.00,150966624.00,153750320.00,152882912.00,152537488.00,151741648.00,152058176.00,154900592.00,153439696.00,152320304.00,151499232.00,152035248.00,152510432.00,
4,empty,empty,2024-02-23 09:27:00.257430,151965040.00,151434528.00,152705424.00,153621184.00,150967808.00,153750608.00,152882608.00,152541568.00,151740768.00,152058176.00,154900000.00,153439392.00,152320592.00,151498656.00,152035536.00,152517216.00,
4,empty,empty,2024-02-23 09:27:00.803087,151965472.00,151434816.00,152706368.00,153621472.00,150970352.00,153750320.00,152881744.00,152543024.00,151743664.00,152058752.00,154899104.00,153439696.00,152321056.00,151499520.00,152034672.00,152516336.00,
4,empty,empty,2024-02-23 09:27:01.347178,151965616.00,151436336.00,152705200.00,153621504.00,150968960.00,153750272.00,152882912.00,152536032.00,151741648.00,152058464.00,154900592.00,153439696.00,152320880.00,151499232.00,152035536.00,152511008.00,
4,empty,empty,2024-02-23 09:27:01.892833,151965040.00,151434816.00,152705488.00,153621776.00,150968672.00,153750576.00,152881744.00,152541568.00,151744240.00,152058176.00,154899408.00,153439392.00,152320768.00,151499232.00,152035248.00,152517504.00,
4,empty,empty,2024-02-23 09:27:02.437461,151965600.00,151436256.00,152707312.00,153621792.00,150969248.00,153750608.00,152882032.00,152543104.00,151742224.00,152057888.00,154900000.00,153439392.00,152320304.00,151498656.00,152034384.00,152513632.00,
4,empty,empty,2024-02-23 09:27:02.982493,151965024.00,151436544.00,152706368.00,153621472.00,150968368.00,153750608.00,152882912.00,152537200.00,151740192.00,152057584.00,154900000.00,153439392.00,152319904.00,151498656.00,152035536.00,152516336.00,
4,empty,empty,2024-02-23 09:27:03.527404,151965312.00,151436912.00,152704624.00,153621472.00,150970400.00,153750272.00,152881744.00,152542720.00,151744832.00,152057456.00,154899264.00,153439696.00,152320480.00,151498944.00,152035248.00,152516048.00,
4,empty,empty,2024-02-23 09:27:04.072626,151965472.00,151433824.00,152705488.00,153622352.00,150968944.00,153750320.00,152882912.00,152538944.00,151744544.00,152058176.00,154900592.00,153439984.00,152320480.00,151498656.00,152035248.00,152510720.00,
4,empty,empty,2024-02-23 09:27:04.618964,151965472.00,151436048.00,152705424.00,153621184.00,150969232.00,153750272.00,152882032.00,152540976.00,151741344.00,152057888.00,154900288.00,153439696.00,152320304.00,151498944.00,152034960.00,152517216.00,
4,empty,empty,2024-02-23 09:27:05.163127,151964880.00,151435184.00,152705200.00,153621776.00,150968096.00,153750272.00,152881744.00,152542720.00,151743664.00,152058752.00,154899408.00,153439696.00,152320592.00,151498736.00,152034960.00,152515472.00,
4,empty,empty,2024-02-23 09:27:05.708578,151965040.00,151435472.00,152706960.00,153622064.00,150969248.00,153750272.00,152882608.00,152540688.00,151744832.00,152057888.00,154900288.00,153439984.00,152320768.00,151498656.00,152035824.00,152511296.00,
4,empty,empty,2024-02-23 09:27:06.253227,151965600.00,151436256.00,152706656.00,153621472.00,150969824.00,153750576.00,152881440.00,152542144.00,151742800.00,152058464.00,154899408.00,153439696.00,152320016.00,151499024.00,152035248.00,152516640.00,
4,empty,empty,2024-02-23 09:27:06.798766,151965472.00,151436048.00,152706656.00,153622064.00,150970352.00,153750576.00,152882912.00,152537776.00,151743312.00,152059040.00,154901184.00,153439696.00,152320880.00,151499024.00,152035248.00,152510432.00,
4,empty,empty,2024-02-23 09:27:07.342995,151965184.00,151434608.00,152704912.00,153621776.00,150970112.00,153750272.00,152882032.00,152539520.00,151740192.00,152057152.00,154899408.00,153439696.00,152320592.00,151499232.00,152035536.00,152517504.00,
4,empty,empty,2024-02-23 09:27:07.888530,151964752.00,151436624.00,152706656.00,153621776.00,150967808.00,153750272.00,152882320.00,152542720.00,151743376.00,152059040.00,154900288.00,153439696.00,152320768.00,151498944.00,152035248.00,152513040.00,
4,empty,empty,2024-02-23 09:27:08.434033,151965616.00,151434240.00,152704912.00,153621472.00,150970400.00,153750576.00,152881744.00,152540400.00,151744832.00,152058176.00,154899408.00,153439392.00,152320192.00,151498944.00,152035248.00,152517792.00,
4,empty,empty,2024-02-23 09:27:08.978489,151965184.00,151434400.00,152705200.00,153622064.00,150967216.00,153750576.00,152882608.00,152542144.00,151740192.00,152058464.00,154900592.00,153439984.00,152320304.00,151499232.00,152035536.00,152514208.00,
4,empty,empty,2024-02-23 09:27:09.523275,151965184.00,151436336.00,152706080.00,153622064.00,150968944.00,153750272.00,152882912.00,152537776.00,151744544.00,152058464.00,154900000.00,153439696.00,152320880.00,151498944.00,152035536.00,152510128.00,
4,empty,empty,2024-02-23 09:27:10.068547,151965600.00,151435392.00,152705200.00,153621792.00,150969520.00,153750320.00,152882320.00,152534864.00,151742224.00,152058464.00,154900880.00,153439984.00,152320304.00,151498944.00,152035248.00,152513920.00,
4,empty,empty,2024-02-23 09:27:10.613770,151964752.00,151434608.00,152706960.00,153621792.00,150968096.00,153750576.00,152881440.00,152542144.00,151743664.00,152059328.00,154899696.00,153439392.00,152319904.00,151498944.00,152035248.00,152516336.00,
4,empty,empty,2024-02-23 09:27:11.158895,151964592.00,151436912.00,152706656.00,153622064.00,150966912.00,153750320.00,152882608.00,152536896.00,151742224.00,152057888.00,154900288.00,153439392.00,152320880.00,151498944.00,152034672.00,152510128.00,
4,empty,empty,2024-02-23 09:27:11.703578,151965760.00,151437120.00,152706448.00,153621792.00,150970352.00,153750320.00,152882608.00,152535152.00,151744544.00,152058752.00,154900288.00,153439984.00,152320480.00,151499232.00,152034960.00,152514800.00,
4,empty,empty,2024-02-23 09:27:12.248797,151965312.00,151434528.00,152705792.00,153620896.00,150966624.00,153750016.00,152881152.00,152539232.00,151741344.00,152057584.00,154899104.00,153439392.00,152320592.00,151498656.00,152035248.00,152517504.00,
4,empty,empty,2024-02-23 09:27:12.793634,151965760.00,151437120.00,152705792.00,153621776.00,150969808.00,153750320.00,152881440.00,152542720.00,151744832.00,152057584.00,154898976.00,153439984.00,152320480.00,151498656.00,152035248.00,152514496.00,
4,empty,empty,2024-02-23 09:27:13.338940,151965888.00,151433952.00,152704912.00,153621792.00,150970688.00,153750272.00,152882608.00,152534864.00,151744240.00,152058464.00,154900592.00,153439696.00,152320768.00,151498944.00,152035536.00,152512752.00,
4,empty,empty,2024-02-23 09:27:13.883935,151965760.00,151434112.00,152704912.00,153621184.00,150969232.00,153750272.00,152881744.00,152540688.00,151741872.00,152059040.00,154899104.00,153439392.00,152320592.00,151498448.00,152035248.00,152517504.00,
4,empty,empty,2024-02-23 09:27:14.428484,151965024.00,151436544.00,152706368.00,153622064.00,150969808.00,153750320.00,152882032.00,152541568.00,151744832.00,152057888.00,154900000.00,153439984.00,152320880.00,151498944.00,152034960.00,152512464.00,
4,empty,empty,2024-02-23 09:27:14.973425,151965472.00,151435968.00,152706656.00,153621472.00,150969232.00,153750320.00,152881440.00,152539520.00,151741344.00,152057888.00,154899104.00,153439392.00,152320304.00,151498656.00,152034672.00,152517504.00,
4,empty,empty,2024-02-23 09:27:15.518589,151964592.00,151436336.00,152706080.00,153621776.00,150967504.00,153750320.00,152882320.00,152541568.00,151742512.00,152058176.00,154899696.00,153439984.00,152320880.00,151498944.00,152035248.00,152512176.00,
4,empty,empty,2024-02-23 09:27:16.063694,151965312.00,151436832.00,152705792.00,153621776.00,150969536.00,153750320.00,152882912.00,152538656.00,151744544.00,152058464.00,154900880.00,153439696.00,152320768.00,151498656.00,152034960.00,152510432.00,
4,empty,empty,2024-02-23 09:27:16.608829,151965328.00,151435392.00,152704912.00,153621472.00,150967792.00,153750016.00,152881152.00,152540112.00,151740304.00,152058464.00,154899104.00,153439392.00,152320768.00,151498944.00,152034960.00,152517504.00,
4,empty,empty,2024-02-23 09:27:17.153756,151965024.00,151434608.00,152706080.00,153622352.00,150969536.00,153749984.00,152882912.00,152540688.00,151744240.00,152058176.00,154899696.00,153439696.00,152320192.00,151498944.00,152034672.00,152511296.00,
